[{
		"url": "img/showcase/bg1.webp"
	}, {
		"url": "img/background/bk.webp"
	},
	{
		"url": "img/showcase/bg2.webp"
	},
	{
		"url": "img/showcase/bg3.webp"
	},
	{
		"url": "img/showcase/bg4.webp"
	},
	{
		"url": "img/showcase/bg5.webp"
	},
	{
		"url": "img/showcase/bg6.webp"
	},
	{
		"url": "img/showcase/bg7.webp"
	},
	{
		"url": "img/showcase/bg8.webp"
	},
	{
		"url": "img/showcase/bg9.webp"
	},
	{
		"url": "img/showcase/bg10.webp"
	},
	{
		"url": "img/showcase/bg11.webp"
	},
	{
		"url": "img/showcase/bg12.webp"
	},
	{
		"url": "img/showcase/bg13.webp"
	},
	{
		"url": "img/showcase/bg14.webp"
	},
	{
		"url": "img/showcase/bg15.webp"
	},
	{
		"url": "img/showcase/bg16.webp"
	}
]
