[{
		"name": "空気の匂い",
		"url": "//player.bilibili.com/player.html?aid=500000331&bvid=BV1HK411A7Ap&cid=249115573&page=1&high_quality=1",
		"value": 0
	},
	{
		"name": "暑い日々",
		"url": "//player.bilibili.com/player.html?aid=85144012&bvid=BV1o7411k7Gy&cid=145570548&page=1&high_quality=1",
		"value": 1
	},
	{
		"name": "星空を見上げ",
		"url": "//player.bilibili.com/player.html?aid=85133801&bvid=BV1Q7411k7Zw&cid=249059267&page=1&high_quality=1",
		"value": 2
	}
]
