[{
		"name": "最後は、海で来た",
		"url": "https://link.jscdn.cn/1drv/aHR0cHM6Ly8xZHJ2Lm1zL3UvcyFBdGpqY2tQeDRTVW9tWGdjbk51aXZfRGhuZWg5P2U9cVUyRWlG.mp3",
		"artist": "Kiramei",
		"cover": "img/cover.png"
	}, {
		"name": "突然、雨が降りました",
		"url": "https://link.jscdn.cn/1drv/aHR0cHM6Ly8xZHJ2Lm1zL3UvcyFBdGpqY2tQeDRTVW9uSElmdG5ONmpMRWxEWm5WP2U9RzZuUjBs.mp3",
		"artist": "Kiramei",
		"cover": "img/cover.png"
	}, {
		"name": "秋のイメージ",
		"url": "https://link.jscdn.cn/1drv/aHR0cHM6Ly8xZHJ2Lm1zL3UvcyFBdGpqY2tQeDRTVW9uSHU0UEFTMkNTSFQ1VmstP2U9QTVYbHNY.mp3",
		"artist": "Kiramei",
		"cover": "img/cover.png"
	}, {
		"name": "旅の初め",
		"url": "https://link.jscdn.cn/1drv/aHR0cHM6Ly8xZHJ2Lm1zL3UvcyFBdGpqY2tQeDRTVW9uSF9NYzRNV3NxU0xsbUNWP2U9bldMMjFC.mp3",
		"artist": "Kiramei",
		"cover": "img/cover.png"
	}, {
		"name": "流ストリーム",
		"url": "https://link.jscdn.cn/1drv/aHR0cHM6Ly8xZHJ2Lm1zL3UvcyFBdGpqY2tQeDRTVW9uSEFJMXk0V3lkVHZUY3AwP2U9Y3pEWE1s.mp3",
		"artist": "Kiramei",
		"cover": "img/cover.png"
	}, {
		"name": "空気の匂い",
		"url": "https://link.jscdn.cn/1drv/aHR0cHM6Ly8xZHJ2Lm1zL3UvcyFBdGpqY2tQeDRTVW9uSDNVTnAzMDJaR1JoNTNBP2U9VFgwdjFx.mp3",
		"artist": "Kiramei",
		"cover": "img/cover.png"
	}, {
		"name": "空が明くる日々",
		"url": "https://link.jscdn.cn/1drv/aHR0cHM6Ly8xZHJ2Lm1zL3UvcyFBdGpqY2tQeDRTVW9uSG9xU0FWOEFQRjhPb3B0P2U9ZzgwREVi.mp3",
		"artist": "Kiramei",
		"cover": "img/cover.png"
	}, {
		"name": "静がな空",
		"url": "https://link.jscdn.cn/1drv/aHR0cHM6Ly8xZHJ2Lm1zL3UvcyFBdGpqY2tQeDRTVW9uSDRmMjAwd1ZMUnFLbFREP2U9VnFMRWFD.mp3",
		"artist": "Kiramei",
		"cover": "img/cover.png"
	}, {
		"name": "今日も始まりましょう",
		"url": "https://link.jscdn.cn/1drv/aHR0cHM6Ly8xZHJ2Lm1zL3UvcyFBdGpqY2tQeDRTVW9uSFl6SjZRU0pXR0RnWmVRP2U9Zjg2Wklo.mp3",
		"artist": "Kiramei",
		"cover": "img/cover.png"
	}, {
		"name": "闇の中で光を探す",
		"url": "https://link.jscdn.cn/1drv/aHR0cHM6Ly8xZHJ2Lm1zL3UvcyFBdGpqY2tQeDRTVW9uSHpINmZ0WUxfbi1QYmx1P2U9YnNSSDhi.mp3",
		"artist": "Kiramei",
		"cover": "img/cover.png"
	}, {
		"name": "だんだん晴れました",
		"url": "https://link.jscdn.cn/1drv/aHR0cHM6Ly8xZHJ2Lm1zL3UvcyFBdGpqY2tQeDRTVW9uSE9odWJHYmNSZ3JaM1piP2U9RENzRnNk.mp3",
		"artist": "Kiramei",
		"cover": "img/cover.png"
	},
	{
		"name": "星空を見上げ",
		"url": "https://link.jscdn.cn/1drv/aHR0cHM6Ly8xZHJ2Lm1zL3UvcyFBdGpqY2tQeDRTVW9uUUNpaTRsU1Z6ZFU0WE1JP2U9VUQ5aUxv.mp3",
		"artist": "Kiramei",
		"cover": "img/cover.png"
	}
]
